
{
	"allowSleep" : true,
	"autoClearForces" : true,
	"body" : 
	[
		
		{
			"angle" : 0,
			"angularVelocity" : 0,
			"awake" : true,
			"fixture" : 
			[
				
				{
					"density" : 1,
					"friction" : 0.2,
					"name" : "fixture4",
					"polygon" : 
					{
						"vertices" : 
						{
							"x" : 
							[
								1.841770172119141,
								1.841770172119141,
								-2.332489013671875,
								-2.332489013671875
							],
							"y" : 
							[
								-3.341711997985840,
								3.491481304168701,
								3.491481304168701,
								-3.341711997985840
							]
						}
					}
				}
			],
			"linearVelocity" : 0,
			"name" : "body2",
			"position" : 
			{
				"x" : -12.58753585815430,
				"y" : 4.261209487915039
			},
			"type" : 0
		},
		
		{
			"angle" : 0,
			"angularVelocity" : 0,
			"awake" : true,
			"customProperties" : 
			[
				
				{
					"name" : "type",
					"string" : "door"
				}
			],
			"fixture" : 
			[
				
				{
					"density" : 1,
					"friction" : 0.2,
					"name" : "fixture3",
					"polygon" : 
					{
						"vertices" : 
						{
							"x" : 
							[
								1.951606750488281,
								1.951606750488281,
								-1.951620101928711,
								-1.951620101928711
							],
							"y" : 
							[
								-1.95162820816040,
								1.951600313186646,
								1.951600313186646,
								-1.95162820816040
							]
						}
					},
					"sensor" : true
				}
			],
			"linearVelocity" : 0,
			"name" : "door0",
			"position" : 
			{
				"x" : -8.689907073974609,
				"y" : 5.384014129638672
			},
			"type" : 0
		},
		
		{
			"angle" : 0,
			"angularVelocity" : 0,
			"awake" : true,
			"fixture" : 
			[
				
				{
					"density" : 1,
					"friction" : 0.2,
					"name" : "fixture0",
					"polygon" : 
					{
						"vertices" : 
						{
							"x" : 
							[
								16.07668304443359,
								-14.01452636718750,
								-17.01943588256836,
								-19.75741958618164,
								15.98888397216797
							],
							"y" : 
							[
								0.8489680290222168,
								1.856558799743652,
								1.856558799743652,
								-1.274391651153564,
								-1.274391651153564
							]
						}
					}
				}
			],
			"linearVelocity" : 0,
			"name" : "body2",
			"position" : 
			{
				"x" : 9.147505760192871,
				"y" : 8.786849021911621
			},
			"type" : 0
		},
		
		{
			"angle" : 0,
			"angularVelocity" : 0,
			"awake" : true,
			"customProperties" : 
			[
				
				{
					"name" : "type",
					"string" : "cameraBounds"
				}
			],
			"fixture" : 
			[
				
				{
					"circle" : 
					{
						"center" : 
						{
							"x" : -6.856331825256348,
							"y" : -2.939734935760498
						},
						"radius" : 0.5
					},
					"density" : 1,
					"friction" : 0.2,
					"name" : "fixture2",
					"sensor" : true
				},
				
				{
					"circle" : 
					{
						"center" : 
						{
							"x" : 20.33724403381348,
							"y" : 2.271753549575806
						},
						"radius" : 0.5
					},
					"density" : 1,
					"friction" : 0.2,
					"name" : "fixture2",
					"sensor" : true
				},
				
				{
					"circle" : 
					{
						"center" : 
						{
							"x" : 21.62360000610352,
							"y" : -4.885280132293701
						},
						"radius" : 0.5
					},
					"density" : 1,
					"friction" : 0.2,
					"name" : "fixture2",
					"sensor" : true
				},
				
				{
					"circle" : 
					{
						"center" : 
						{
							"x" : 6.334290027618408,
							"y" : -11.30020046234131
						},
						"radius" : 0.5
					},
					"density" : 1,
					"friction" : 0.2,
					"name" : "fixture2",
					"sensor" : true
				}
			],
			"linearVelocity" : 0,
			"name" : "body0",
			"position" : 
			{
				"x" : 0.4475011825561523,
				"y" : 6.025421619415283
			},
			"type" : 0
		},
		
		{
			"angle" : 0,
			"angularVelocity" : 0,
			"awake" : true,
			"customProperties" : 
			[
				
				{
					"name" : "type",
					"string" : "moving"
				}
			],
			"fixture" : 
			[
				
				{
					"density" : 1,
					"friction" : 20.0,
					"name" : "plat",
					"polygon" : 
					{
						"vertices" : 
						{
							"x" : 
							[
								0.8284599781036377,
								0.8284599781036377,
								-1.775979995727539,
								-1.775979995727539
							],
							"y" : 
							[
								-0.3075970113277435,
								0.2148389965295792,
								0.2148389965295792,
								-0.3075970113277435
							]
						}
					}
				},
				
				{
					"circle" : 
					{
						"center" : 
						{
							"x" : 5.214149951934814,
							"y" : 0.04617689922451973
						},
						"radius" : 0.2953410148620605
					},
					"friction" : 20.0,
					"name" : "fixture1",
					"sensor" : true
				},
				
				{
					"circle" : 
					{
						"center" : 
						{
							"x" : -3.469340085983276,
							"y" : 0.04617689922451973
						},
						"radius" : 0.2953410148620605
					},
					"friction" : 20.0,
					"name" : "fixture1",
					"sensor" : true
				}
			],
			"linearVelocity" : 0,
			"name" : "moving2",
			"position" : 
			{
				"x" : 12.62201213836670,
				"y" : 2.666895389556885
			},
			"type" : 1
		},
		
		{
			"angle" : 0,
			"angularVelocity" : 0,
			"awake" : true,
			"customProperties" : 
			[
				
				{
					"name" : "type",
					"string" : "moving"
				}
			],
			"fixture" : 
			[
				
				{
					"density" : 1,
					"friction" : 20.0,
					"name" : "plat",
					"polygon" : 
					{
						"vertices" : 
						{
							"x" : 
							[
								0.8284599781036377,
								0.8284599781036377,
								-1.775979995727539,
								-1.775979995727539
							],
							"y" : 
							[
								-0.3075970113277435,
								0.2148389965295792,
								0.2148389965295792,
								-0.3075970113277435
							]
						}
					}
				},
				
				{
					"circle" : 
					{
						"center" : 
						{
							"x" : -2.326080083847046,
							"y" : 0.04617689922451973
						},
						"radius" : 0.2953410148620605
					},
					"friction" : 20.0,
					"name" : "fixture1",
					"sensor" : true
				},
				
				{
					"circle" : 
					{
						"center" : 
						{
							"x" : 6.357409954071045,
							"y" : 0.04617689922451973
						},
						"radius" : 0.2953410148620605
					},
					"friction" : 20.0,
					"name" : "fixture1",
					"sensor" : true
				}
			],
			"linearVelocity" : 0,
			"name" : "moving2",
			"position" : 
			{
				"x" : 11.09765911102295,
				"y" : 0.3380274772644043
			},
			"type" : 1
		},
		
		{
			"angle" : 0,
			"angularVelocity" : 0,
			"awake" : true,
			"customProperties" : 
			[
				
				{
					"name" : "type",
					"string" : "moving"
				}
			],
			"fixture" : 
			[
				
				{
					"circle" : 
					{
						"center" : 
						{
							"x" : -6.518040180206299,
							"y" : 0.04617689922451973
						},
						"radius" : 0.2953410148620605
					},
					"friction" : 20.0,
					"name" : "fixture1",
					"sensor" : true
				},
				
				{
					"density" : 1,
					"friction" : 20.0,
					"name" : "plat",
					"polygon" : 
					{
						"vertices" : 
						{
							"x" : 
							[
								0.8284599781036377,
								0.8284599781036377,
								-1.775979995727539,
								-1.775979995727539
							],
							"y" : 
							[
								-0.3075970113277435,
								0.2148389965295792,
								0.2148389965295792,
								-0.3075970113277435
							]
						}
					}
				},
				
				{
					"circle" : 
					{
						"center" : 
						{
							"x" : 2.165450096130371,
							"y" : 0.04617689922451973
						},
						"radius" : 0.2953410148620605
					},
					"friction" : 20.0,
					"name" : "fixture1",
					"sensor" : true
				}
			],
			"linearVelocity" : 0,
			"name" : "moving2",
			"position" : 
			{
				"x" : 15.28962421417236,
				"y" : -1.694442272186279
			},
			"type" : 1
		},
		
		{
			"angle" : 0,
			"angularVelocity" : 0,
			"awake" : true,
			"customProperties" : 
			[
				
				{
					"name" : "type",
					"string" : "ground"
				}
			],
			"fixture" : 
			[
				
				{
					"density" : 1,
					"friction" : 0.2,
					"name" : "fixture4",